{
  "server": {
    "port": 10000,
    "autoReload": true,
    "title": "Paradise-SystemLabs - Dashboard IT"
  },
  "paths": {
    "logs": "Logs",
    "scripts": "Scripts",
    "backup": "Backup",
    "temp": "Temp",
    "components": "Components",
    "utils": "Utils",
    "config": "Config"
  },
  "logging": {
    "enabled": true,
    "level": "info",
    "maxFileSizeMB": 10,
    "retentionDays": 180,
    "format": "[{timestamp}] [{level}] [{component}] {message}"
  },
  "features": {
    "autoBackup": true,
    "telemetry": false,
    "debugMode": false
  },
  "ui": {
    "showWelcomeMessage": true,
    "showSystemInfo": true,
    "refreshInterval": 30,
    "colors": {
      "primary": "#2196F3",
      "success": "#4caf50",
      "warning": "#ff9800",
      "danger": "#dc3545",
      "info": "#17a2b8",
      "dark": "#343a40",
      "light": "#f8f9fa"
    },
    "spacing": {
      "xs": "10px",
      "s": "12px",
      "m": "16px",
      "l": "20px",
      "xl": "24px"
    }
  }
}
